ID,y
1,-1.33627648612e+13
2,-1.97702947959e+12
3,105.8203125
4,80.5703125
5,109.0625
8,90.984375
10,110.96875
11,93.3203125
12,116.953125
14,91.125
15,116.953125
16,108.8359375
17,102.6875
19,96.03125
20,104.5625
21,100.640625
22,119.015625
23,102.6875
26,94.8203125
28,97.171875
29,102.6875
33,102.6875
35,93.59375
41,102.6875
42,91.1015625
43,121.34375
45,107.515625
46,103.609375
51,94.1484375
53,92.6796875
55,111.6875
56,95.359375
57,106.03125
58,94.265625
59,101.3046875
63,110.34375
64,98.0078125
65,103.984375
69,93.28125
71,95.0
72,104.9765625
73,93.4921875
76,100.9140625
77,107.5
78,115.9921875
82,95.5390625
83,103.984375
84,92.265625
85,101.75
87,110.78125
88,102.6875
89,111.6640625
91,94.328125
93,92.671875
94,109.3984375
95,94.7734375
96,111.03125
97,90.375
98,106.9140625
99,92.109375
101,104.1328125
103,111.6640625
104,92.484375
105,108.875
110,94.9765625
111,109.28125
113,112.8203125
114,92.6328125
115,115.34375
117,111.6640625
120,89.875
121,112.84375
122,88.203125
123,112.6171875
126,112.1328125
132,113.890625
135,104.2109375
137,107.625
138,96.625
140,95.359375
142,108.15625
144,113.359375
148,88.0703125
149,111.609375
155,90.65625
156,112.25
157,90.375
162,109.484375
163,107.796875
167,89.9765625
172,121.34375
179,112.8984375
180,89.046875
181,112.140625
182,97.0546875
183,111.6640625
185,111.6640625
187,109.4453125
188,95.5390625
189,95.4453125
191,92.09375
192,118.4921875
193,95.6015625
194,116.078125
195,89.4921875
196,112.5703125
198,98.53125
199,113.46875
201,104.484375
204,96.28125
205,108.8359375
206,94.6171875
210,94.1875
211,104.1328125
216,113.59375
219,116.953125
220,94.34375
221,112.140625
226,112.140625
227,90.234375
228,111.421875
230,110.78125
231,90.375
235,119.015625
236,93.640625
238,111.09375
242,107.5078125
243,94.328125
244,79.1640625
245,108.796875
247,110.359375
248,90.734375
249,92.6015625
250,111.359375
251,93.640625
253,119.015625
254,93.234375
256,95.9453125
257,90.75
258,114.40625
259,92.109375
262,83.8984375
266,90.71875
267,110.28125
272,102.03125
273,111.6640625
275,89.96875
276,115.34375
279,95.703125
280,103.984375
283,91.375
285,111.421875
288,111.6640625
289,94.8203125
290,104.484375
291,94.875
292,107.421875
293,103.2421875
296,91.03125
297,111.859375
298,115.9921875
299,95.5390625
304,92.734375
305,-1.61118544332e+13
306,93.90625
307,112.140625
311,118.5234375
313,112.140625
314,91.28125
316,103.3515625
324,94.3671875
327,94.4609375
329,92.640625
330,116.078125
337,103.109375
338,94.3046875
339,104.359375
340,96.7734375
343,90.3125
345,116.953125
346,89.3984375
347,110.28125
349,116.125
350,88.8828125
352,115.59375
353,90.890625
354,77.3671875
357,94.4765625
358,110.6171875
362,111.078125
364,121.4609375
365,106.3984375
366,7.01489846777e+11
367,111.3046875
368,97.328125
370,73.609375
373,93.171875
377,92.078125
378,107.7890625
382,100.9140625
384,111.421875
390,96.1328125
392,115.578125
393,-7.88495528275e+11
395,96.3671875
396,105.9140625
399,93.703125
406,112.140625
408,112.140625
409,93.3828125
410,79.0390625
412,110.625
413,91.640625
419,94.3984375
420,110.9765625
421,90.984375
430,100.984375
434,95.6953125
436,95.53125
437,95.359375
438,90.96875
439,111.5
440,93.375
443,112.5859375
446,96.75
448,95.1328125
452,94.7734375
453,106.6875
457,104.09375
458,94.8203125
459,118.234375
460,103.625
462,108.421875
464,102.78125
465,116.953125
467,117.8671875
471,111.7578125
472,79.3359375
473,104.796875
475,97.140625
480,96.75
488,106.4296875
490,112.140625
491,101.9609375
492,78.8671875
493,94.7109375
497,88.4921875
498,111.078125
499,94.3125
500,104.1875
501,94.8203125
502,107.125
506,98.828125
510,104.7734375
511,91.296875
512,92.640625
516,89.6953125
518,93.6171875
519,108.84375
521,89.1484375
522,111.2109375
526,111.46875
529,93.9296875
532,110.5625
533,92.9609375
536,112.40625
537,99.03125
539,94.8828125
540,104.1328125
541,96.515625
543,95.4453125
546,111.6875
547,92.984375
548,85.671875
551,92.6640625
552,103.09375
556,108.390625
557,97.1953125
558,111.3046875
559,96.0
560,109.4609375
562,108.8359375
566,94.40625
570,111.078125
571,95.359375
572,103.984375
573,95.5390625
575,116.953125
576,109.828125
577,92.3828125
579,88.8125
580,111.3125
581,113.890625
589,112.140625
591,104.5625
593,95.875
594,107.4375
595,95.2734375
598,92.6640625
602,110.265625
604,111.90625
606,110.8125
608,7.01489846775e+11
609,104.1328125
610,94.1484375
616,106.6875
617,96.1640625
618,106.796875
620,107.0078125
622,112.265625
623,90.984375
624,-6.19075465081e+12
626,109.90625
628,110.84375
629,93.7890625
630,110.78125
637,98.65625
638,103.671875
643,98.3515625
645,96.75
646,121.203125
648,96.234375
652,94.40625
653,95.359375
654,111.078125
656,112.046875
657,92.1015625
659,94.65625
660,107.90625
663,90.609375
664,112.734375
666,105.953125
668,108.609375
669,88.671875
671,1.42774064238e+11
675,91.5859375
677,93.640625
678,108.796875
679,107.46875
682,95.9453125
685,106.5
687,96.84375
688,91.328125
693,111.9296875
696,94.4609375
698,92.9375
701,98.8515625
704,107.28125
705,116.3125
709,111.7421875
710,95.84375
711,109.5
712,96.078125
714,107.484375
715,92.921875
716,112.140625
717,94.5234375
720,116.953125
721,92.09375
724,106.203125
725,96.625
726,111.46875
728,112.2578125
731,91.21875
734,107.9765625
738,93.796875
745,108.796875
746,92.640625
751,82.0234375
754,91.71875
756,91.984375
758,93.609375
759,111.6953125
761,119.015625
766,93.7890625
767,111.15625
768,90.984375
769,111.6875
770,95.53125
771,78.8671875
772,103.828125
773,92.6640625
774,111.078125
776,111.421875
777,93.4609375
780,121.34375
782,104.1328125
787,104.5
788,94.8828125
792,90.984375
793,112.28125
798,92.421875
800,89.90625
806,112.140625
809,110.796875
811,112.3984375
812,91.296875
814,116.953125
816,104.890625
817,96.0
818,117.5625
820,109.390625
823,94.8203125
829,89.03125
830,114.4375
831,89.4375
834,110.5625
839,96.4296875
841,75.9609375
844,106.6171875
845,94.1484375
848,92.734375
850,93.2734375
851,103.625
852,96.859375
854,93.0625
855,96.4375
856,107.6875
859,101.890625
861,111.078125
864,94.890625
865,111.078125
866,91.375
867,91.265625
869,93.796875
871,87.765625
872,112.140625
882,106.8125
883,95.6953125
885,97.671875
888,94.4609375
893,110.796875
901,108.796875
903,101.9609375
904,91.3671875
905,103.515625
910,96.75
911,107.625
914,112.40625
918,115.359375
921,91.640625
928,96.6328125
929,103.140625
932,91.8984375
933,106.609375
934,96.75
935,112.4609375
937,86.65625
939,95.5390625
940,101.8125
941,95.6484375
942,106.765625
943,94.859375
944,102.90625
947,112.140625
949,111.8828125
951,109.234375
952,97.6953125
953,101.9609375
954,83.4453125
957,112.359375
959,92.875
960,118.015625
963,116.953125
965,112.140625
967,106.84375
971,95.7421875
972,78.3359375
973,93.9375
974,111.421875
975,96.3984375
978,126.03125
980,117.578125
981,94.65625
984,112.40625
986,96.75
988,90.984375
989,110.421875
990,105.125
992,108.796875
996,95.359375
999,115.15625
1000,6.55002556839e+12
1001,111.078125
1002,91.078125
1003,111.421875
1004,91.328125
1008,109.5625
1009,93.546875
1010,109.0234375
1012,117.671875
1013,87.6484375
1014,113.1796875
1015,89.828125
1016,116.953125
1019,91.578125
1020,112.96875
1021,96.75
1022,106.78125
1024,96.75
1025,73.3671875
1027,93.796875
1028,-3.8039195876e+12
1029,90.9296875
1030,89.15625
1033,111.765625
1036,91.125
1037,108.578125
1038,92.0625
1042,95.5390625
1043,104.53125
1044,91.9453125
1045,112.125
1047,118.234375
1050,95.4453125
1051,110.796875
1054,94.8203125
1056,94.65625
1057,95.6953125
1059,94.3515625
1062,101.0390625
1063,104.625
1064,94.65625
1066,92.9140625
1070,106.96875
1076,110.125
1077,95.2265625
1078,113.46875
1080,109.5
1082,114.5078125
1083,94.4609375
1089,113.3984375
1091,94.4609375
1093,94.703125
1097,95.7890625
1099,89.2578125
1101,96.75
1103,95.9921875
1104,110.609375
1106,109.3671875
1109,97.171875
1110,116.078125
1111,94.5078125
1112,110.921875
1114,94.1484375
1116,94.9296875
1117,108.6796875
1120,91.390625
1124,112.75
1125,90.8828125
1126,114.8828125
1134,108.890625
1137,91.0859375
1138,111.3125
1144,112.140625
1145,95.2734375
1146,91.28125
1148,96.3984375
1150,91.390625
1152,106.6171875
1153,95.140625
1154,106.1640625
1155,95.5390625
1157,95.6875
1162,95.5390625
1165,112.140625
1166,93.2265625
1167,107.1875
1168,96.75
1169,101.890625
1171,119.015625
1172,97.1953125
1173,101.890625
1174,95.7890625
1176,98.4375
1177,103.875
1178,94.4765625
1182,111.171875
1186,96.75
1187,114.140625
1188,92.6015625
1189,121.34375
1191,105.5390625
1192,95.5390625
1197,111.9375
1198,86.6953125
1200,78.3359375
1201,96.1484375
1203,96.5546875
1209,116.953125
1214,103.15625
1218,115.703125
1222,93.1328125
1226,101.171875
1228,95.8046875
1230,88.6640625
1232,79.3203125
1233,2.21518618592e+11
1236,118.234375
1238,95.015625
1241,112.140625
1244,103.6796875
1246,93.1328125
1247,117.484375
1250,109.8828125
1251,92.9140625
1254,115.359375
1255,95.609375
1256,112.296875
1257,90.71875
1258,91.6796875
1259,112.140625
1260,96.375
1263,112.140625
1267,80.828125
1268,109.0859375
1271,95.5390625
1272,110.796875
1274,105.7578125
1275,95.5390625
1276,110.796875
1277,92.40625
1279,91.28125
1281,96.4140625
1282,92.6015625
1283,109.515625
1285,108.953125
1286,91.8203125
1289,111.84375
1296,115.40625
1299,91.390625
1301,95.359375
1306,90.921875
1307,96.1796875
1308,91.40625
1313,110.796875
1314,97.6171875
1315,116.078125
1316,91.734375
1317,110.796875
1319,92.734375
1323,95.421875
1324,108.359375
1325,96.7265625
1328,106.3125
1329,93.7109375
1330,111.078125
1331,92.9765625
1332,103.25
1337,1.37118059729e+12
1338,113.5390625
1339,89.1484375
1340,110.703125
1343,112.109375
1347,96.359375
1348,96.3515625
1349,107.640625
1352,91.28125
1354,96.4375
1359,109.828125
1360,95.421875
1363,110.796875
1364,94.4609375
1365,107.3046875
1366,96.9609375
1372,96.0
1375,105.8125
1376,95.6953125
1378,89.359375
1379,112.6015625
1380,96.75
1381,101.890625
1384,116.109375
1387,91.390625
1388,111.765625
1392,78.1640625
1394,101.3125
1395,97.03125
1396,112.140625
1398,96.015625
1399,112.140625
1400,90.1640625
1401,94.875
1403,97.75
1404,115.125
1406,112.140625
1407,94.1484375
1408,112.140625
1410,80.828125
1412,112.140625
1413,96.75
1415,96.6328125
1420,112.140625
1422,115.703125
1423,111.1171875
1424,112.140625
1425,95.09375
1426,80.828125
1427,96.5546875
1429,89.734375
1430,110.359375
1431,96.4375
1432,103.84375
1434,109.2421875
1437,94.8828125
1438,106.2109375
1440,113.125
1441,110.453125
1442,94.4765625
1444,110.203125
1445,96.6328125
1446,104.1328125
1448,91.40625
1453,93.234375
1454,112.140625
1455,95.5390625
1456,113.5078125
1458,112.140625
1459,92.0625
1461,93.953125
1465,91.390625
1466,109.875
1469,95.421875
1472,93.234375
1474,94.2578125
1477,111.5703125
1479,108.3203125
1482,86.5078125
1483,75.7578125
1487,93.796875
1488,111.078125
1490,111.625
1492,111.609375
1494,121.34375
1496,104.9921875
1497,96.9765625
1499,97.7265625
1502,93.828125
1507,118.5546875
1508,91.28125
1509,108.3203125
1511,92.640625
1512,110.8203125
1513,115.9921875
1514,105.1015625
1518,111.5
1519,91.640625
1522,110.53125
1524,78.3359375
1527,94.4765625
1529,90.1171875
1532,106.5
1536,110.875
1537,116.953125
1539,106.59375
1542,110.234375
1543,95.6953125
1544,108.3671875
1545,75.7265625
1550,95.6953125
1551,103.2109375
1554,108.8359375
1556,106.6171875
1559,90.71875
1560,78.8828125
1562,95.53125
1566,90.828125
1567,110.78125
1569,108.03125
1570,110.921875
1571,110.59375
1574,91.28125
1578,104.1328125
1580,90.921875
1583,110.7109375
1584,91.28125
1585,111.7265625
1586,91.203125
1587,111.421875
1588,91.640625
1590,114.6484375
1592,104.921875
1596,113.1875
1598,109.21875
1599,94.1484375
1604,114.296875
1606,104.3125
1607,96.75
1608,106.828125
1609,119.015625
1611,96.0859375
1613,95.703125
1616,95.3828125
1619,113.828125
1620,92.96875
1621,111.09375
1622,92.6640625
1625,108.796875
1627,119.015625
1629,111.40625
1634,93.609375
1636,92.9140625
1638,106.25
1639,96.4765625
1641,96.5546875
1643,95.40625
1644,104.1796875
1645,121.34375
1646,91.640625
1647,108.8359375
1648,94.984375
1652,90.921875
1653,111.890625
1656,92.0625
1658,94.1484375
1659,116.078125
1661,96.078125
1663,96.75
1664,111.0078125
1665,95.5390625
1666,106.6171875
1667,105.671875
1668,80.9140625
1669,107.21875
1670,100.109375
1672,112.125
1674,113.1796875
1677,111.078125
1678,90.65625
1679,112.546875
1680,89.2109375
1683,103.515625
1686,104.265625
1687,115.703125
1689,111.3046875
1690,92.21875
1691,116.953125
1692,112.046875
1693,91.28125
1695,95.4453125
1696,93.234375
1697,116.078125
1700,106.6171875
1701,94.15625
1702,111.703125
1703,90.984375
1704,114.7734375
1706,94.5859375
1707,112.40625
1708,94.65625
1710,96.9140625
1711,102.90625
1713,107.25
1717,102.65625
1719,104.1328125
1720,93.5859375
1722,95.0859375
1725,105.03125
1726,94.65625
1727,103.3671875
1729,111.28125
1730,90.921875
1731,113.9140625
1733,106.6171875
1734,95.0859375
1735,115.703125
1738,95.703125
1742,91.171875
1745,113.1796875
1747,94.15625
1749,95.453125
1751,95.09375
1752,77.6953125
1753,108.34375
1754,93.78125
1755,97.140625
1756,99.671875
1758,108.9921875
1759,95.5390625
1760,104.484375
1761,112.5
1762,92.03125
1763,111.1328125
1764,89.15625
1766,94.265625
1768,97.3671875
1769,77.265625
1771,111.453125
1772,92.6484375
1773,102.78125
1774,6.55002556839e+12
1775,109.390625
1777,110.46875
1779,95.5390625
1780,103.984375
1787,90.984375
1788,94.3984375
1790,94.984375
1796,110.78125
1801,90.921875
1803,94.984375
1807,112.03125
1809,114.3828125
1812,94.0
1813,111.09375
1814,93.953125
1815,116.34375
1816,94.203125
1818,92.4609375
1820,92.5
1821,118.234375
1822,95.71875
1825,92.828125
1826,102.90625
1828,93.921875
1831,106.96875
1836,116.75
1837,95.9453125
1841,94.2578125
1844,105.625
1848,93.1796875
1851,106.59375
1852,94.4609375
1853,90.65625
1854,108.71875
1856,95.3515625
1859,114.3828125
1860,94.53125
1861,79.6015625
1863,103.265625
1865,95.6484375
1866,107.0
1867,94.6875
1868,90.984375
1872,96.5546875
1879,93.3125
1880,101.75
1882,95.6953125
1885,103.515625
1887,104.109375
1888,94.4453125
1890,116.40625
1894,95.703125
1895,104.5625
1896,94.375
1897,112.953125
1900,111.3359375
1901,90.71875
1902,112.375
1905,89.953125
1906,108.96875
1912,101.9609375
1915,94.859375
1916,106.96875
1917,93.3828125
1918,102.53125
1920,77.5390625
1923,93.71875
1924,105.640625
1925,94.984375
1930,119.015625
1932,112.140625
1933,96.21875
1934,111.296875
1935,90.71875
1940,80.828125
1941,93.703125
1942,108.953125
1943,90.9375
1944,87.40625
1945,109.296875
1948,116.953125
1949,92.765625
1952,97.578125
1954,91.28125
1955,112.140625
1958,91.765625
1959,76.953125
1960,111.1328125
1963,96.4375
1965,91.2734375
1968,105.84375
1969,94.4609375
1971,96.03125
1972,112.484375
1973,90.65625
1975,90.984375
1977,93.828125
1978,92.546875
1979,109.5625
1981,90.984375
1982,112.9453125
1987,111.75
1988,90.828125
1993,98.65625
1997,93.9921875
1999,94.859375
2001,95.703125
2002,116.1875
2003,92.0
2004,81.3828125
2006,110.796875
2007,93.28125
2009,104.5625
2010,95.0859375
2013,1.41836374941e+12
2018,74.6015625
2022,107.5390625
2024,131.453125
2025,96.6328125
2026,108.6015625
2030,104.5625
2031,94.671875
2032,101.9609375
2033,95.328125
2035,88.84375
2036,109.65625
2037,89.90625
2040,95.703125
2043,116.078125
2044,105.375
2046,107.1875
2054,103.328125
2055,95.6015625
2056,103.984375
2059,92.03125
2060,90.71875
2062,85.9140625
2063,111.7890625
2066,95.703125
2067,115.703125
2072,92.875
2073,109.90625
2074,98.5546875
2075,111.15625
2076,92.34375
2080,91.2890625
2082,90.71875
2085,111.734375
2087,110.8515625
2091,110.84375
2092,94.609375
2093,103.984375
2098,104.390625
2101,111.1328125
2102,92.4609375
2103,80.828125
2105,107.0
2106,95.5390625
2107,111.984375
2110,94.7734375
2114,92.28125
2115,109.90625
2117,96.953125
2118,93.328125
2119,105.734375
2120,93.921875
2122,91.390625
2123,110.53125
2126,96.03125
2127,102.453125
2128,94.2578125
2129,109.328125
2132,100.1015625
2135,103.9921875
2138,94.5390625
2139,119.015625
2141,112.28125
2142,93.0078125
2146,96.125
2151,112.7109375
2157,105.1328125
2159,112.6953125
2162,95.5390625
2164,116.953125
2167,87.609375
2168,108.6875
2171,88.359375
2173,96.03125
2174,106.640625
2175,96.3359375
2178,93.4921875
2180,95.703125
2185,109.90625
2189,87.0
2190,115.703125
2192,104.921875
2194,114.65625
2200,118.1328125
2201,91.34375
2203,111.28125
2204,92.0
2205,113.8515625
2209,117.625
2213,108.125
2214,93.828125
2215,112.9296875
2216,91.34375
2218,93.265625
2219,105.40625
2220,95.421875
2222,90.828125
2223,107.5546875
2225,111.3046875
2226,93.5078125
2230,93.734375
2233,115.703125
2234,112.078125
2235,92.0
2236,78.6953125
2237,94.6328125
2240,117.15625
2241,92.703125
2248,107.3046875
2249,-5.56156168923e+12
2250,109.828125
2252,109.625
2253,93.5625
2254,110.734375
2256,80.1328125
2258,90.75
2259,109.34375
2262,95.703125
2265,94.8828125
2266,105.3515625
2269,95.09375
2271,98.4375
2273,90.65625
2274,111.6484375
2275,91.34375
2277,95.609375
2279,92.0
2280,78.6953125
2282,95.703125
2283,106.796875
2288,90.828125
2289,114.5234375
2291,94.984375
2292,119.015625
2297,96.75
2298,103.15625
2299,97.265625
2300,112.8125
2301,88.96875
2304,95.6015625
2305,106.15625
2306,95.703125
2308,92.34375
2309,109.140625
2311,1.65367667715e+11
2312,105.2734375
2316,103.5390625
2321,102.90625
2322,108.5625
2325,106.484375
2326,96.3671875
2329,119.015625
2330,95.609375
2331,102.234375
2332,115.703125
2333,95.703125
2334,106.296875
2335,112.296875
2337,114.46875
2338,86.2890625
2340,115.703125
2342,91.6875
2345,93.6796875
2349,102.09375
2351,78.0078125
2352,93.921875
2354,112.140625
2355,117.109375
2357,111.3046875
2358,94.9296875
2360,95.96875
2361,112.140625
2364,94.4765625
2366,95.0
2369,104.265625
2370,96.125
2371,115.703125
2373,119.625
2374,97.140625
2376,111.421875
2378,111.546875
2382,96.109375
2383,89.7109375
2386,105.90625
2387,96.1015625
2389,91.578125
2390,113.203125
2392,94.1875
2398,115.703125
2399,93.46875
2400,92.875
2401,110.9765625
2402,94.8203125
2404,92.296875
2407,114.8203125
2408,108.921875
2409,111.296875
2412,81.953125
2413,94.2265625
2415,92.6796875
2420,109.90625
2422,96.3046875
2423,105.28125
2426,92.5234375
2432,95.015625
2434,90.921875
2435,91.578125
2436,110.4609375
2438,112.703125
2440,107.203125
2443,92.609375
2444,92.4375
2447,107.3046875
2450,96.84375
2454,89.9453125
2455,110.734375
2459,95.703125
2460,113.0234375
2463,95.71875
2465,91.8125
2468,80.828125
2469,92.0
2474,89.7890625
2478,91.1015625
2480,93.703125
2481,117.15625
2489,95.703125
2490,104.5625
2492,90.71875
2496,95.703125
2497,111.96875
2500,93.921875
2505,95.703125
2507,87.53125
2508,113.8515625
2509,96.1640625
2510,84.3359375
2513,90.984375
2515,95.703125
2518,89.7109375
2519,113.3125
2520,89.7109375
2521,113.53125
2523,109.6328125
2525,94.921875
2529,112.3828125
2530,92.0
2533,117.5546875
2535,91.25
2538,103.765625
2544,116.28125
2553,110.390625
2556,93.3515625
2558,92.875
2559,124.671875
2560,93.828125
2561,111.046875
2562,90.21875
2563,109.125
2564,90.921875
2565,115.703125
2567,104.796875
2572,94.265625
2575,94.984375
2576,111.953125
2577,84.4921875
2578,95.5390625
2579,110.546875
2580,90.890625
2582,112.953125
2583,90.921875
2587,95.1171875
2589,111.5
2590,95.7421875
2591,112.3828125
2594,92.328125
2597,95.96875
2598,103.9921875
2599,96.9921875
2600,106.3125
2602,106.3203125
2603,94.265625
2604,102.9375
2606,111.53125
2607,77.6953125
2608,92.875
2613,113.8515625
2614,90.40625
2615,110.28125
2617,111.734375
2620,91.390625
2623,111.8203125
2624,90.234375
2627,113.8515625
2629,77.6953125
2630,91.578125
2632,95.578125
2636,92.4453125
2639,92.78125
2640,105.59375
2642,112.3828125
2644,103.9921875
2646,111.8984375
2647,92.2734375
2649,96.5546875
2650,112.6875
2652,106.6171875
2653,105.4375
2655,114.796875
2657,115.703125
2659,112.140625
2662,89.7109375
2663,117.15625
2664,95.59375
2665,106.875
2670,93.6015625
2671,104.40625
2672,95.0859375
2675,106.6171875
2677,109.1796875
2679,110.84375
2683,110.609375
2684,94.203125
2685,91.859375
2688,105.265625
2689,93.734375
2690,104.796875
2693,95.6171875
2694,109.1875
2697,99.765625
2699,94.53125
2703,92.8125
2705,102.65625
2709,83.3515625
2710,92.625
2711,112.34375
2712,93.6171875
2713,96.640625
2714,111.8828125
2715,88.25
2717,90.984375
2718,108.5859375
2720,111.125
2721,94.7734375
2726,95.71875
2728,94.890625
2731,105.328125
2732,112.140625
2734,94.8359375
2736,101.9609375
2737,96.5546875
2738,103.6875
2739,112.6953125
2746,93.46875
2749,104.921875
2751,121.34375
2752,104.1875
2753,93.8046875
2757,104.5625
2758,96.203125
2759,112.8984375
2760,96.4140625
2762,109.484375
2764,93.5859375
2765,107.7734375
2769,110.5390625
2771,112.140625
2774,91.421875
2776,91.09375
2777,118.8359375
2778,90.71875
2779,109.515625
2782,88.4375
2784,91.4921875
2787,91.578125
2789,94.78125
2792,94.03125
2798,97.96875
2799,105.8671875
2800,96.9296875
2801,82.2734375
2802,91.828125
2804,95.0859375
2807,107.3046875
2808,98.125
2809,119.90625
2811,115.9921875
2812,95.8046875
2814,90.984375
2816,94.3671875
2817,108.21875
2818,108.921875
2820,106.2578125
2821,70.4453125
2822,96.03125
2823,103.859375
2824,95.5546875
2826,84.015625
2829,87.15625
2834,94.890625
2835,80.78125
2838,98.25
2839,109.1875
2840,90.703125
2841,110.046875
2842,95.703125
2846,112.171875
2848,93.65625
2849,90.078125
2850,111.8828125
2851,95.5390625
2853,92.7578125
2854,112.3828125
2858,115.28125
2861,86.4140625
2864,90.71875
2865,117.15625
2866,109.796875
2867,90.890625
2868,110.421875
2870,111.9375
2877,95.5703125
2878,113.8515625
2880,111.421875
2882,79.6953125
2883,96.1640625
2884,102.90625
2885,94.859375
2887,95.703125
2888,112.96875
2889,96.4375
2890,103.9921875
2891,1.65367667715e+11
2892,116.953125
2893,94.53125
2898,111.8515625
2899,92.59375
2900,113.578125
2901,92.109375
2909,96.75
2910,111.609375
2911,108.15625
2913,110.953125
2914,101.671875
2918,92.875
2919,109.46875
2920,91.4140625
2921,113.8515625
2922,97.0859375
2923,106.515625
2925,114.3203125
2926,90.890625
2927,112.3828125
2929,111.5
2933,95.671875
2934,110.828125
2936,108.9765625
2941,99.6953125
2942,93.75
2943,111.6484375
2945,107.1875
2950,91.28125
2951,110.53125
2953,119.703125
2954,94.5390625
2955,107.46875
2956,97.0390625
2960,98.4375
2962,94.09375
2963,109.5390625
2964,106.6171875
2966,79.0390625
2967,93.6640625
2968,112.3984375
2969,90.984375
2971,92.140625
2972,96.75
2974,92.34375
2975,111.6328125
2977,121.34375
2980,112.5078125
2981,90.5078125
2983,95.125
2984,102.09375
2985,119.015625
2986,104.03125
2987,96.75
2989,94.984375
2990,111.53125
2991,93.3671875
2992,77.265625
2995,99.765625
2996,107.390625
3002,119.53125
3004,110.8125
3005,119.015625
3006,96.484375
3010,95.4765625
3011,104.21875
3014,90.890625
3015,90.703125
3016,94.8828125
3017,116.9453125
3018,91.953125
3021,105.90625
3024,103.9921875
3028,93.59375
3030,90.71875
3032,94.2265625
3039,94.375
3040,105.96875
3041,93.28125
3043,92.4921875
3044,110.53125
3046,109.546875
3055,92.4609375
3056,110.828125
3058,90.65625
3059,109.96875
3061,116.953125
3063,103.28125
3066,92.765625
3067,103.9921875
3068,79.1640625
3069,94.7734375
3072,115.9921875
3073,112.015625
3074,92.109375
3077,91.59375
3082,94.8203125
3084,99.765625
3085,114.484375
3088,103.9921875
3091,91.4921875
3092,112.5546875
3093,96.234375
3094,105.328125
3096,111.296875
3097,90.921875
3098,79.6953125
3102,115.9921875
3106,91.7421875
3109,94.359375
3111,90.625
3112,119.015625
3113,94.7734375
3115,92.875
3116,111.40625
3117,92.125
3121,110.8828125
3122,90.328125
3123,93.921875
3124,104.484375
3125,94.8828125
3126,106.796875
3127,116.953125
3129,88.015625
3130,111.5625
3132,106.9296875
3134,107.0625
3135,95.515625
3137,79.5078125
3138,93.4296875
3140,6.14783514869e+12
3144,114.0
3145,93.7265625
3146,110.28125
3147,95.3203125
3148,105.5625
3149,105.5
3150,110.03125
3151,94.375
3152,4.7889094476e+11
3155,102.984375
3156,111.8828125
3159,91.328125
3161,91.53125
3162,109.921875
3163,98.1015625
3165,104.3125
3172,91.390625
3173,110.4609375
3176,93.6640625
3177,103.1875
3179,111.6328125
3183,85.828125
3186,93.921875
3187,110.90625
3189,109.6796875
3190,94.9296875
3192,116.953125
3193,91.390625
3194,110.078125
3197,95.5390625
3198,95.6484375
3200,93.8515625
3201,117.859375
3202,95.6484375
3204,95.703125
3205,90.921875
3206,112.875
3208,105.8125
3210,105.34375
3211,90.21875
3212,116.953125
3213,95.0234375
3214,109.0859375
3216,103.9921875
3219,88.5625
3220,114.375
3221,94.7734375
3226,114.7109375
3227,94.203125
3228,110.3125
3229,94.71875
3232,80.828125
3233,93.9453125
3234,92.3828125
3236,96.125
3238,112.3828125
3239,110.8515625
3240,88.84375
3247,108.515625
3249,102.03125
3252,114.7109375
3253,98.09375
3254,106.2109375
3255,92.875
3256,118.0859375
3257,95.2578125
3262,94.7265625
3263,106.6171875
3264,97.0390625
3266,111.8125
3267,95.9921875
3269,2.16632447204e+12
3272,119.015625
3274,95.5390625
3275,111.90625
3277,94.5390625
3279,97.609375
3280,104.1875
3283,98.0625
3285,95.703125
3287,87.5
3288,103.9921875
3290,102.3515625
3291,94.6328125
3298,110.40625
3299,96.3046875
3302,109.7109375
3303,93.28125
3304,102.109375
3307,93.59375
3309,92.2578125
3314,79.1640625
3316,112.65625
3317,95.25
3319,93.1328125
3320,110.234375
3321,94.53125
3322,106.890625
3324,88.8125
3326,91.109375
3329,110.359375
3330,90.921875
3331,110.140625
3335,116.953125
3337,95.125
3338,104.59375
3339,96.6171875
3340,111.6796875
3341,91.625
3343,90.5234375
3346,89.6875
3348,95.0859375
3351,103.9921875
3352,119.015625
3355,90.984375
3356,113.125
3358,99.8359375
3359,94.4609375
3360,108.234375
3371,113.359375
3372,94.4296875
3374,97.6015625
3377,109.4375
3378,89.59375
3380,103.796875
3382,93.90625
3386,95.6484375
3389,110.96875
3391,106.5
3393,96.7109375
3394,107.4375
3395,93.7109375
3397,113.8515625
3398,93.6171875
3399,77.6484375
3400,95.7890625
3404,102.96875
3407,110.578125
3409,105.4375
3419,94.5390625
3421,93.96875
3425,95.8671875
3427,80.1171875
3428,119.015625
3429,110.359375
3431,85.515625
3435,96.4453125
3436,111.6328125
3439,92.5078125
3441,88.203125
3442,119.015625
3443,94.7265625
3444,104.3125
3445,94.265625
3446,111.96875
3449,90.71875
3453,93.0625
3457,92.3515625
3460,103.9921875
3461,95.5546875
3462,93.234375
3464,103.28125
3465,79.1640625
3466,94.1640625
3467,102.5625
3468,95.5
3469,107.2265625
3470,103.890625
3472,112.3828125
3473,89.796875
3475,90.3203125
3476,112.96875
3478,104.234375
3479,97.8359375
3483,94.9140625
3484,102.65625
3485,94.265625
3487,91.7890625
3488,113.2890625
3496,110.125
3497,94.96875
3499,96.4375
3500,78.6953125
3501,94.984375
3504,96.6015625
3508,103.984375
3511,91.40625
3512,111.71875
3515,92.765625
3517,94.265625
3518,105.40625
3526,110.8515625
3528,112.40625
3529,92.296875
3530,110.0078125
3531,95.53125
3532,117.6171875
3533,98.609375
3534,94.7734375
3535,79.0390625
3536,91.921875
3537,110.53125
3538,94.5234375
3539,108.4375
3540,106.09375
3545,109.90625
3546,90.984375
3550,107.203125
3551,95.6484375
3553,95.890625
3554,103.9921875
3557,94.6328125
3558,113.6640625
3559,90.71875
3561,95.1640625
3562,113.8515625
3563,92.515625
3564,103.9921875
3565,94.265625
3567,91.21875
3571,103.9921875
3572,96.25
3574,94.5
3576,95.9453125
3577,111.75
3578,94.984375
3579,95.9453125
3583,94.1171875
3585,91.1328125
3586,109.1328125
3587,110.78125
3593,96.4921875
3594,118.84375
3595,94.375
3599,96.84375
3600,104.5703125
3601,112.3828125
3602,90.71875
3604,96.5390625
3609,117.859375
3610,109.9375
3612,110.515625
3614,113.703125
3615,97.0078125
3617,97.609375
3618,109.015625
3619,110.40625
3620,111.0
3621,96.3203125
3625,96.890625
3626,104.3125
3630,104.921875
3631,92.8046875
3632,103.5390625
3633,96.6015625
3634,110.28125
3637,94.5234375
3639,91.953125
3640,113.046875
3641,90.9765625
3644,113.125
3645,96.3515625
3646,94.3125
3647,90.8828125
3648,113.8515625
3653,112.75
3654,92.875
3655,112.8046875
3659,106.796875
3660,97.75
3662,110.84375
3666,92.6015625
3668,94.71875
3671,91.390625
3673,92.09375
3674,112.2578125
3675,95.328125
3681,89.8828125
3682,112.140625
3686,109.0859375
3687,89.609375
3692,75.2734375
3695,111.28125
3696,97.6640625
3699,114.140625
3705,111.2734375
3707,80.828125
3708,94.046875
3709,111.75
3710,95.6953125
3712,88.921875
3715,111.421875
3716,96.3359375
3720,112.3984375
3722,80.828125
3726,95.1171875
3728,89.640625
3729,113.125
3731,104.5625
3735,112.78125
3736,91.5625
3739,104.3125
3741,110.84375
3743,105.71875
3744,94.984375
3745,112.3125
3746,94.25
3751,94.8359375
3753,94.53125
3760,108.890625
3761,95.109375
3762,110.03125
3763,92.703125
3765,94.875
3768,113.640625
3769,96.4609375
3770,110.234375
3773,110.1875
3774,97.0390625
3776,96.0625
3778,92.578125
3779,111.296875
3780,93.9375
3781,113.28125
3782,88.6875
3783,112.3828125
3784,94.171875
3786,95.1171875
3789,109.265625
3790,98.328125
3793,114.21875
3795,111.421875
3797,97.265625
3798,119.015625
3800,111.6328125
3804,97.0390625
3810,100.9453125
3815,111.890625
3816,97.0390625
3818,103.3828125
3824,112.3828125
3828,99.0546875
3830,108.28125
3831,93.53125
3832,77.6953125
3834,111.65625
3835,89.6171875
3836,108.2421875
3838,95.703125
3839,116.953125
3840,111.390625
3845,95.109375
3846,112.140625
3847,94.265625
3849,77.1171875
3853,110.5625
3855,103.984375
3856,95.40625
3864,78.8671875
3865,96.4765625
3866,110.671875
3867,92.734375
3868,111.6328125
3869,96.9921875
3871,90.5703125
3875,105.9921875
3876,91.734375
3878,93.6796875
3879,111.03125
3881,111.6328125
3883,108.671875
3884,92.765625
3886,111.46875
3890,4.05389598714e+12
3893,2.98706620513e+13
3897,102.59375
3901,95.171875
3902,111.1328125
3913,112.109375
3914,91.7421875
3916,91.90625
3917,113.8125
3924,106.59375
3925,96.609375
3928,98.3046875
3929,111.40625
3932,94.2734375
3933,103.9921875
3934,74.859375
3935,90.71875
3936,95.5390625
3937,112.140625
3938,90.96875
3939,108.2421875
3943,89.3046875
3944,112.3828125
3945,111.171875
3946,95.9609375
3947,111.375
3948,92.9296875
3949,112.3828125
3950,96.9296875
3951,110.46875
3952,93.234375
3953,111.6015625
3961,117.15625
3962,92.703125
3966,94.7734375
3967,106.1875
3968,100.703125
3969,110.890625
3970,96.4375
3971,104.5625
3973,97.6796875
3974,112.3828125
3975,111.3125
3977,91.34375
3979,112.8984375
3985,97.765625
3986,103.828125
3988,108.2421875
3991,96.5546875
3992,105.7265625
3993,93.03125
3994,92.875
3995,112.8125
4005,111.6953125
4007,95.9453125
4008,106.34375
4009,6.55002556839e+12
4010,2.98706620513e+13
4011,82.0703125
4012,93.4140625
4013,106.59375
4015,109.96875
4016,112.8671875
4018,111.6328125
4025,95.5390625
4026,111.8828125
4028,116.3046875
4029,97.0390625
4031,91.7890625
4032,111.0
4033,91.765625
4034,102.984375
4037,96.4921875
4038,106.1875
4039,94.21875
4041,96.6328125
4042,110.828125
4043,95.125
4044,103.9921875
4045,93.5234375
4046,112.140625
4047,95.375
4048,106.734375
4049,95.3203125
4051,94.734375
4052,113.8515625
4058,103.9921875
4062,107.8984375
4064,109.765625
4067,95.9453125
4068,78.6953125
4070,92.359375
4072,117.21875
4074,111.015625
4075,90.8671875
4076,109.515625
4077,95.3125
4078,111.6640625
4080,103.9921875
4082,112.421875
4085,94.265625
4086,110.40625
4088,111.8828125
4089,92.1640625
4092,79.1640625
4094,95.34375
4095,109.03125
4096,95.0703125
4097,105.2734375
4102,95.0859375
4105,110.8203125
4107,109.78125
4111,99.984375
4112,105.65625
4113,95.7890625
4114,121.96875
4115,95.484375
4116,113.0625
4117,96.4453125
4118,96.9921875
4119,109.65625
4120,107.703125
4122,89.6640625
4125,94.3515625
4126,111.28125
4129,111.421875
4134,109.2578125
4137,90.7890625
4141,104.28125
4142,96.28125
4144,95.703125
4145,106.59375
4146,98.296875
4150,94.2265625
4151,76.9609375
4154,95.9453125
4156,94.234375
4157,113.4453125
4159,112.8671875
4160,95.453125
4161,111.296875
4168,94.53125
4171,103.515625
4172,108.9921875
4173,97.0390625
4175,90.359375
4176,103.9921875
4177,95.703125
4178,100.8359375
4179,93.9609375
4181,110.9140625
4183,97.0390625
4184,112.265625
4185,90.4921875
4186,112.71875
4188,119.0703125
4190,111.375
4192,92.5
4193,2.98706620513e+13
4194,112.3828125
4195,94.375
4196,77.6953125
4202,97.0390625
4203,109.5625
4208,94.4140625
4209,113.265625
4210,95.421875
4211,110.671875
4212,119.015625
4214,104.234375
4215,95.3203125
4216,111.46875
4217,92.390625
4219,98.6171875
4222,112.140625
4224,85.2734375
4231,103.828125
4232,97.0390625
4234,96.1015625
4236,95.703125
4237,103.9921875
4240,92.3515625
4242,101.59375
4243,95.9140625
4247,94.3515625
4248,113.96875
4249,92.09375
4254,105.4375
4263,93.0546875
4265,109.640625
4267,114.484375
4268,110.796875
4271,110.2890625
4272,95.6484375
4273,109.375
4274,93.515625
4276,94.203125
4278,94.8828125
4280,97.1328125
4281,110.703125
4283,92.53125
4284,110.7578125
4285,95.328125
4286,113.71875
4287,87.671875
4288,109.640625
4289,93.890625
4290,85.234375
4293,88.6953125
4296,112.96875
4297,94.7421875
4299,93.671875
4303,-6.19598342499e+12
4310,96.75
4312,103.765625
4318,103.9921875
4320,114.09375
4322,95.921875
4323,118.15625
4325,103.0625
4326,111.703125
4328,106.375
4330,103.125
4332,112.53125
4333,90.3046875
4335,95.1875
4336,112.96875
4338,107.0
4341,96.515625
4342,107.5390625
4344,103.9921875
4347,96.1015625
4348,103.9921875
4351,113.484375
4352,96.4609375
4353,111.7265625
4355,107.875
4356,94.265625
4359,104.21875
4360,95.125
4361,95.3125
4364,100.7265625
4365,107.2265625
4368,95.515625
4372,94.984375
4374,89.734375
4376,95.1015625
4377,108.7421875
4380,94.609375
4383,103.3203125
4384,94.8828125
4385,114.25
4389,95.140625
4391,96.2734375
4392,111.46875
4393,90.296875
4395,88.2578125
4396,113.8515625
4398,114.3046875
4399,-2.89871794647e+12
4401,94.09375
4406,97.8515625
4408,96.53125
4412,103.9921875
4415,95.1875
4418,112.25
4419,89.734375
4420,79.1640625
4422,112.3828125
4423,89.734375
4425,95.78125
4428,109.5234375
4431,110.21875
4434,94.296875
4436,97.0390625
4437,109.34375
4439,116.953125
4440,95.6171875
4441,110.421875
4444,100.703125
4445,104.234375
4446,95.4140625
4447,111.421875
4452,105.90625
4456,111.0546875
4457,94.265625
4458,113.453125
4460,94.265625
4461,116.953125
4462,96.3046875
4465,109.125
4466,108.4765625
4468,94.9765625
4469,107.3125
4472,110.9609375
4475,93.2265625
4478,93.796875
4479,110.015625
4480,92.5703125
4483,76.0625
4484,93.140625
4485,103.890625
4486,96.4375
4488,95.1953125
4489,108.25
4490,95.4375
4491,105.328125
4492,96.0
4493,114.8515625
4494,96.4453125
4495,106.9375
4498,79.5078125
4499,93.96875
4500,103.609375
4503,113.875
4505,109.125
4506,-5.56156168922e+12
4507,95.734375
4508,103.9921875
4510,112.140625
4511,93.59375
4513,96.4375
4516,79.0390625
4519,94.1796875
4521,93.90625
4531,93.1015625
4532,79.9453125
4533,91.3515625
4534,108.03125
4536,103.9921875
4537,94.265625
4539,97.015625
4542,104.78125
4545,90.1328125
4549,93.515625
4551,94.7421875
4554,103.265625
4556,113.21875
4559,112.28125
4561,111.21875
4562,103.7421875
4566,112.03125
4569,94.6328125
4570,113.8515625
4573,94.7734375
4574,107.125
4575,91.296875
4577,95.1796875
4578,112.140625
4580,106.6640625
4582,93.328125
4583,112.3828125
4585,94.328125
4587,103.9921875
4595,92.984375
4596,112.9921875
4601,96.1640625
4602,111.078125
4603,94.984375
4605,111.328125
4606,93.6171875
4607,109.7578125
4608,94.859375
4610,98.3046875
4613,105.25
4617,89.75
4618,112.140625
4619,92.5
4620,97.4453125
4622,93.40625
4625,94.265625
4626,103.9921875
4627,94.65625
4629,90.734375
4631,92.109375
4633,103.9921875
4634,116.671875
4635,94.6640625
4639,94.7265625
4640,110.359375
4642,102.90625
4644,112.2265625
4646,103.9921875
4647,97.046875
4648,80.1015625
4649,94.6328125
4650,107.9296875
4655,93.515625
4660,93.640625
4661,107.0390625
4662,90.765625
4663,111.671875
4665,94.9375
4666,111.515625
4667,103.15625
4668,96.1328125
4670,91.4375
4671,113.8828125
4672,95.2265625
4673,103.21875
4675,103.375
4676,93.421875
4677,107.75
4680,97.0234375
4682,94.0859375
4683,117.34375
4685,103.9921875
4686,95.8828125
4688,112.3828125
4690,107.8125
4692,112.8671875
4693,91.546875
4697,93.515625
4700,104.2109375
4702,103.7421875
4707,116.953125
4708,94.265625
4710,85.1875
4716,98.6328125
4717,96.1640625
4718,95.1015625
4720,97.1328125
4721,84.3359375
4723,94.5078125
4726,111.453125
4727,92.53125
4729,94.7265625
4731,95.5390625
4732,115.71875
4735,95.3125
4736,103.78125
4737,94.984375
4738,111.6484375
4739,112.140625
4744,103.515625
4747,96.4453125
4749,110.1953125
4750,94.265625
4752,112.3828125
4755,100.703125
4756,106.421875
4757,111.546875
4758,93.9296875
4759,104.84375
4763,96.1640625
4764,102.4453125
4765,92.828125
4766,94.375
4767,112.046875
4769,111.1640625
4770,91.1640625
4771,74.984375
4772,103.9921875
4774,112.3828125
4776,115.1875
4777,107.9375
4778,94.2421875
4780,98.359375
4784,95.4921875
4786,95.515625
4787,78.6953125
4788,93.28125
4789,112.3828125
4791,107.5234375
4792,95.234375
4795,110.0078125
4796,90.984375
4803,90.828125
4805,96.3046875
4807,91.1953125
4809,92.09375
4816,93.7734375
4817,91.8515625
4818,93.59375
4820,94.1484375
4821,104.875
4823,112.421875
4824,96.90625
4825,110.25
4829,105.828125
4830,97.0390625
4831,112.140625
4833,107.8984375
4836,94.3515625
4837,112.3828125
4838,90.078125
4840,96.15625
4841,80.1328125
4842,88.859375
4843,109.859375
4844,90.25
4849,115.9765625
4851,103.8125
4852,7.17441547843e+11
4858,90.390625
4860,97.0390625
4863,112.515625
4864,95.2890625
4865,110.421875
4867,111.1796875
4868,95.125
4869,109.75
4873,89.734375
4875,96.78125
4876,111.296875
4877,85.390625
4878,112.140625
4880,78.6953125
4886,112.984375
4888,102.515625
4889,96.0703125
4890,112.390625
4893,95.90625
4895,91.53125
4896,106.0703125
4899,95.421875
4901,93.890625
4902,108.4453125
4903,93.9375
4904,112.3828125
4910,90.84375
4912,91.921875
4915,96.4609375
4916,105.53125
4917,94.265625
4920,103.9921875
4927,102.90625
4928,93.46875
4931,103.15625
4934,91.5625
4936,95.2734375
4939,-6.19598342499e+12
4942,114.421875
4943,97.0390625
4944,103.6328125
4945,93.2265625
4947,110.796875
4948,92.3046875
4951,94.7734375
4952,112.3828125
4953,93.34375
4956,93.9375
4957,107.765625
4958,91.2734375
4960,94.9609375
4968,94.359375
4969,106.9296875
4971,106.25
4973,113.8515625
4975,113.125
4976,95.9921875
4978,91.375
4979,109.8203125
4982,95.2109375
4983,110.671875
4984,-2.89871794647e+12
4985,116.953125
4986,93.984375
4987,117.15625
4988,100.703125
4994,97.265625
4995,97.0390625
5002,77.1875
5004,93.671875
5005,104.90625
5006,95.703125
5007,105.890625
5009,109.90625
5011,113.8515625
5014,94.5390625
5015,106.34375
5018,91.65625
5019,109.7890625
5020,90.84375
5021,110.046875
5022,94.578125
5023,94.4375
5025,97.0390625
5032,94.46875
5034,90.828125
5036,88.953125
5038,96.703125
5039,111.71875
5046,97.0703125
5049,109.7890625
5051,93.0
5052,90.890625
5053,112.3828125
5054,97.0390625
5055,94.53125
5057,94.265625
5059,90.6171875
5062,98.8515625
5063,111.4609375
5065,117.484375
5069,95.125
5071,96.4375
5074,115.703125
5075,90.890625
5076,112.875
5077,78.6953125
5079,107.09375
5080,93.796875
5081,113.8515625
5083,106.59375
5088,105.6171875
5089,93.59375
5093,109.796875
5094,102.625
5095,94.953125
5099,110.546875
5101,110.78125
5103,104.921875
5104,91.3125
5105,109.4375
5107,93.515625
5108,113.2109375
5109,90.6875
5111,91.828125
5112,112.140625
5113,94.015625
5114,109.4375
5115,95.453125
5118,97.671875
5122,97.0390625
5123,77.1171875
5125,94.8984375
5127,105.4375
5128,94.7734375
5129,112.4296875
5132,95.703125
5134,112.109375
5135,94.4296875
5137,114.609375
5142,94.71875
5143,105.296875
5144,95.296875
5148,91.84375
5149,92.609375
5150,106.59375
5154,79.1640625
5155,88.5390625
5159,90.703125
5164,95.1875
5165,111.0546875
5166,93.15625
5167,114.25
5169,90.140625
5171,89.3671875
5172,111.703125
5176,91.4140625
5184,111.703125
5185,91.8046875
5186,111.1171875
5188,107.0
5189,111.296875
5190,92.203125
5191,111.0546875
5193,111.421875
5196,91.234375
5199,75.734375
5200,103.515625
5203,90.078125
5204,111.1328125
5205,92.1875
5207,95.15625
5208,108.703125
5212,95.4921875
5214,2.16632447203e+12
5218,91.59375
5220,96.15625
5222,93.46875
5224,95.046875
5225,103.9921875
5227,108.625
5229,105.7890625
5232,93.59375
5233,117.859375
5234,96.484375
5237,113.8515625
5239,117.2265625
5240,93.09375
5241,109.7890625
5244,91.109375
5248,109.109375
5251,90.703125
5253,94.078125
5255,96.46875
5256,105.1171875
5257,-8.33056022377e+11
5259,94.59375
5260,111.03125
5266,94.7890625
5268,93.9375
5275,113.8515625
5276,111.4375
5277,94.3828125
5279,95.328125
5280,105.9921875
5281,93.7109375
5283,100.3046875
5284,80.828125
5285,97.0390625
5286,104.90625
5287,91.4765625
5289,94.3515625
5290,111.421875
5292,108.3671875
5293,93.796875
5294,105.015625
5297,92.640625
5299,106.9453125
5302,90.3984375
5305,76.921875
5306,100.109375
5308,95.1171875
5309,95.0
5310,113.59375
5312,111.09375
5316,112.421875
5317,96.890625
5319,79.1640625
5320,97.0390625
5323,96.140625
5329,111.6015625
5331,112.140625
5334,110.09375
5336,111.421875
5338,106.1328125
5341,93.765625
5345,97.7109375
5348,94.3125
5349,112.15625
5355,104.375
5356,96.0546875
5360,107.921875
5362,109.96875
5364,112.8671875
5366,105.28125
5367,96.6796875
5368,93.90625
5370,96.5390625
5371,78.6953125
5373,106.5
5375,113.8515625
5376,90.078125
5378,112.8671875
5379,93.9375
5383,94.203125
5384,106.515625
5389,111.40625
5391,78.1640625
5393,110.40625
5395,112.7578125
5397,109.3515625
5398,93.4609375
5399,109.9375
5401,116.96875
5402,88.3359375
5403,110.8515625
5404,99.640625
5407,77.6953125
5408,93.78125
5413,111.1484375
5414,92.21875
5417,94.53125
5418,108.3671875
5420,112.6015625
5421,94.484375
5424,97.140625
5425,111.1328125
5426,90.3671875
5429,111.25
5431,94.578125
5437,104.625
5440,87.1171875
5444,105.53125
5446,105.0
5447,93.5546875
5451,94.859375
5452,1.2593256549e+14
5455,96.484375
5456,96.53125
5458,91.203125
5459,112.03125
5460,96.0625
5462,94.65625
5463,109.578125
5464,90.96875
5465,109.515625
5466,96.4375
5467,103.625
5468,94.125
5469,111.671875
5472,96.0546875
5474,87.875
5475,109.3125
5476,97.0390625
5479,105.7890625
5480,113.8515625
5482,110.9140625
5485,92.8828125
5486,119.015625
5488,81.3359375
5495,105.7890625
5496,93.9375
5497,110.125
5499,111.078125
5503,92.0625
5504,98.953125
5507,97.0390625
5509,90.90625
5511,95.234375
5512,110.984375
5516,113.8515625
5517,96.6171875
5518,102.625
5521,96.625
5522,107.0390625
5527,96.4375
5528,97.265625
5529,111.296875
5532,98.6015625
5533,109.5625
5535,108.2421875
5536,103.6875
5540,92.3125
5547,94.2578125
5548,110.0078125
5550,79.6953125
5551,93.140625
5554,111.1015625
5555,96.21875
5559,106.8203125
5560,93.71875
5561,110.40625
5562,90.078125
5563,110.5390625
5565,81.2421875
5566,94.6015625
5567,103.0
5568,92.2421875
5572,94.53125
5574,94.6875
5576,92.859375
5579,110.46875
5580,78.6796875
5581,92.4375
5583,93.8125
5584,112.5390625
5586,113.8203125
5587,93.875
5589,104.3125
5591,104.703125
5592,89.7265625
5593,112.234375
5594,93.796875
5595,84.078125
5596,112.3828125
5597,110.6328125
5598,116.953125
5599,93.2265625
5602,109.546875
5603,93.796875
5605,91.46875
5607,95.34375
5608,109.796875
5609,91.4921875
5610,95.484375
5612,94.71875
5613,111.296875
5614,94.265625
5616,93.203125
5621,95.7890625
5623,95.9453125
5628,117.15625
5629,96.53125
5631,97.46875
5633,2.68236657941e+12
5638,102.890625
5639,93.78125
5640,104.96875
5645,95.484375
5646,80.2578125
5649,91.0859375
5653,110.8125
5655,110.1640625
5656,96.1796875
5658,96.75
5662,119.015625
5663,92.0
5667,92.515625
5670,93.2265625
5671,104.3125
5672,94.484375
5673,105.53125
5674,94.203125
5675,107.75
5676,95.703125
5679,112.3828125
5683,109.03125
5687,93.796875
5688,79.1640625
5690,92.4453125
5691,110.53125
5692,93.84375
5693,114.2265625
5694,94.53125
5697,110.28125
5698,91.0703125
5699,112.3828125
5704,94.8203125
5707,112.3828125
5709,103.5625
5710,94.015625
5714,94.890625
5718,94.96875
5721,95.2734375
5723,95.9296875
5724,117.484375
5725,94.265625
5726,107.734375
5729,97.0390625
5730,102.625
5731,94.8203125
5733,78.0078125
5736,95.4453125
5741,105.1171875
5745,109.7890625
5747,94.578125
5748,105.8515625
5750,112.3671875
5751,94.28125
5752,96.703125
5754,93.140625
5755,94.3828125
5757,94.8671875
5758,121.34375
5760,109.953125
5762,105.1875
5766,110.328125
5768,97.0390625
5769,117.859375
5770,94.5859375
5771,111.09375
5772,94.359375
5773,117.2421875
5774,95.1640625
5776,93.2578125
5777,112.3828125
5778,91.9140625
5780,111.71875
5782,92.015625
5783,74.1328125
5784,97.0390625
5786,92.875
5788,95.03125
5789,111.7265625
5790,93.2265625
5791,105.7890625
5793,100.171875
5794,94.1484375
5796,116.953125
5797,92.8125
5801,94.3984375
5803,93.796875
5804,111.0234375
5805,94.71875
5806,79.1640625
5808,110.0078125
5813,94.8203125
5815,94.5
5816,103.8828125
5822,94.8125
5823,113.8515625
5825,103.78125
5827,108.359375
5829,104.3125
5830,93.5625
5831,111.015625
5832,93.6484375
5833,110.0078125
5837,117.15625
5838,94.5390625
5839,98.4609375
5842,104.96875
5844,109.65625
5845,102.0625
5846,-6.195983425e+12
5848,80.1328125
5850,109.421875
5851,93.1875
5853,97.0390625
5854,103.78125
5858,104.96875
5860,112.7578125
5864,104.6796875
5866,94.21875
5867,112.3828125
5868,91.9609375
5869,109.4375
5870,94.5546875
5871,112.8671875
5874,111.0546875
5876,113.0625
5877,93.9375
5878,94.8359375
5879,109.7890625
5880,90.234375
5884,89.5234375
5886,111.1328125
5890,102.3125
5896,4.46152006486e+11
5897,105.234375
5898,97.0390625
5901,109.2578125
5903,112.3828125
5906,95.484375
5908,113.8515625
5909,92.625
5910,111.296875
5911,94.8203125
5912,112.8671875
5914,111.0546875
5919,113.8515625
5924,97.390625
5926,95.9609375
5929,103.1875
5930,94.015625
5932,96.3046875
5933,112.421875
5934,92.2421875
5935,108.796875
5936,91.140625
5937,111.0625
5938,94.1640625
5939,110.875
5942,108.4453125
5943,95.25
5944,103.078125
5946,112.3828125
5951,93.84375
5953,106.359375
5954,94.8203125
5957,102.625
5961,93.765625
5962,106.59375
5964,79.6328125
5965,94.15625
5968,111.0546875
5969,88.203125
5974,95.484375
5975,111.3828125
5978,80.1328125
5981,102.625
5982,97.234375
5983,109.3984375
5989,110.71875
5991,94.671875
5992,107.0703125
5995,95.640625
5996,104.921875
5997,108.9375
5998,95.4609375
5999,75.171875
6001,108.875
6002,92.75
6003,108.640625
6004,94.8203125
6006,112.8671875
6007,90.7421875
6011,96.65625
6012,106.046875
6014,94.8203125
6015,103.9609375
6016,94.0546875
6017,108.609375
6018,97.0390625
6024,95.703125
6025,106.0234375
6026,117.484375
6028,110.125
6029,79.8046875
6030,93.15625
6036,111.0546875
6040,94.71875
6041,111.453125
6042,95.40625
6044,94.5859375
6045,105.7890625
6047,107.0390625
6048,91.828125
6049,112.953125
6051,116.953125
6052,113.890625
6053,93.59375
6054,111.46875
6058,103.8828125
6059,93.2265625
6062,97.0390625
6063,116.953125
6064,102.28125
6065,94.71875
6067,94.6171875
6068,112.140625
6070,106.765625
6071,102.578125
6072,111.1328125
6080,111.1328125
6081,96.6875
6084,106.59375
6087,94.3828125
6089,103.84375
6092,111.1328125
6094,93.25
6095,112.3828125
6097,111.2734375
6100,91.140625
6104,109.3046875
6105,93.265625
6106,116.6875
6107,81.359375
6108,89.2421875
6109,111.1328125
6110,92.0625
6114,111.1328125
6116,91.875
6117,107.0703125
6118,95.8671875
6123,77.6953125
6125,112.3828125
6128,2.98706620513e+13
6130,103.6640625
6132,112.140625
6137,78.1640625
6139,112.421875
6140,99.640625
6141,111.2734375
6142,106.765625
6144,118.203125
6145,95.6015625
6146,91.3828125
6149,92.65625
6156,96.0625
6159,117.484375
6160,99.640625
6162,103.3125
6164,107.7578125
6165,90.625
6168,78.1640625
6169,110.0078125
6170,93.375
6171,112.578125
6172,89.4375
6173,115.890625
6176,97.0390625
6177,87.109375
6178,95.8671875
6180,95.3125
6181,105.9921875
6182,98.1015625
6185,92.6484375
6186,108.109375
6188,110.375
6189,95.4765625
6192,106.59375
6193,94.328125
6194,105.7890625
6195,95.03125
6196,115.9921875
6197,93.53125
6201,110.28125
6202,95.484375
6203,110.484375
6204,94.109375
6207,118.359375
6209,94.9296875
6210,87.53125
6211,113.125
6213,111.65625
6216,89.4375
6217,94.0
6219,94.71875
6222,78.6953125
6223,92.3046875
6235,97.0390625
6240,96.1328125
6242,93.9453125
6247,94.203125
6251,110.46875
6254,113.921875
6255,93.6796875
6260,96.921875
6261,94.8203125
6262,102.1875
6264,108.421875
6269,108.1640625
6271,105.59375
6275,108.578125
6276,92.5703125
6278,95.40625
6279,109.7890625
6281,111.9765625
6284,95.1875
6286,95.21875
6287,76.1015625
6288,94.7734375
6292,91.9375
6293,93.59375
6295,83.7734375
6298,112.8671875
6300,108.90625
6304,105.9921875
6308,112.8671875
6310,95.40625
6312,111.1328125
6320,94.8203125
6324,92.34375
6325,109.953125
6330,95.515625
6336,109.59375
6340,104.375
6341,97.0390625
6342,107.1640625
6344,92.625
6345,113.265625
6347,110.0078125
6348,99.9375
6349,112.8671875
6351,78.6953125
6353,113.9140625
6354,92.40625
6357,99.640625
6358,110.5078125
6360,103.25
6363,117.15625
6364,93.59375
6368,117.484375
6370,92.15625
6371,94.2578125
6377,95.796875
6379,86.984375
6381,94.2734375
6382,79.1640625
6383,110.0078125
6388,113.1953125
6390,108.765625
6392,104.3125
6393,97.2109375
6395,96.5390625
6398,105.0625
6401,79.1640625
6402,95.65625
6403,111.296875
6405,94.0
6406,93.84375
6407,112.3828125
6409,107.0390625
6411,90.546875
6413,95.6015625
6416,103.6328125
6417,91.5625
6418,94.4609375
6419,119.015625
6420,109.109375
6426,111.0703125
6429,91.765625
6430,94.671875
6431,111.296875
6432,94.9296875
6434,94.078125
6437,110.1640625
6438,98.3671875
6439,102.03125
6440,95.46875
6441,95.25
6442,111.1328125
6443,105.8125
6445,94.578125
6448,113.8515625
6450,109.265625
6453,95.5859375
6455,94.8671875
6457,95.484375
6458,111.7265625
6461,94.53125
6464,111.171875
6467,93.875
6469,96.4375
6470,77.7421875
6471,99.640625
6473,102.03125
6474,94.03125
6479,94.53125
6481,92.4140625
6484,111.453125
6495,98.1875
6496,109.765625
6505,109.109375
6506,99.796875
6508,97.0390625
6509,93.0859375
6510,105.7890625
6512,102.625
6513,94.8203125
6514,113.921875
6515,93.65625
6519,92.375
6521,94.5859375
6523,79.6953125
6525,104.96875
6526,94.40625
6528,96.03125
6529,110.1875
6531,105.1796875
6533,106.59375
6534,95.5390625
6535,112.3828125
6536,94.234375
6537,113.8828125
6540,94.125
6541,110.0078125
6547,94.40625
6548,111.9765625
6551,111.046875
6553,109.359375
6555,106.59375
6556,97.0390625
6561,78.0078125
6564,94.390625
6565,112.3828125
6568,94.578125
6569,111.1328125
6573,112.15625
6574,94.53125
6577,109.796875
6579,117.15625
6581,88.203125
6582,111.296875
6585,103.5078125
6586,97.7109375
6589,107.859375
6590,79.6953125
6593,87.3359375
6594,109.96875
6595,90.875
6599,91.796875
6600,95.9296875
6601,113.890625
6602,93.59375
6603,113.8515625
6604,93.375
6607,103.0
6608,106.40625
6609,94.65625
6611,91.296875
6613,111.1328125
6614,92.3828125
6616,94.3515625
6617,111.1328125
6618,94.8203125
6619,104.890625
6621,106.59375
6627,108.328125
6629,107.71875
6631,80.1328125
6634,96.9140625
6636,94.8203125
6638,94.578125
6639,111.1328125
6641,113.8515625
6642,94.03125
6651,114.6484375
6654,81.6015625
6657,97.171875
6663,91.640625
6665,109.265625
6666,93.75
6668,94.8203125
6669,106.59375
6670,96.0625
6671,5.2447743554e+12
6673,95.5703125
6675,95.0234375
6676,78.6953125
6677,94.7734375
6679,95.0859375
6680,111.90625
6681,105.7890625
6685,105.7890625
6688,96.3046875
6689,90.875
6690,108.96875
6692,111.1328125
6693,94.796875
6694,95.15625
6698,118.359375
6699,94.71875
6700,109.03125
6701,95.484375
6702,111.359375
6704,90.875
6707,109.359375
6712,113.8515625
6713,96.984375
6715,95.3125
6721,108.8984375
6722,94.71875
6723,111.421875
6724,93.359375
6725,119.015625
6731,111.421875
6735,-1.61118544332e+13
6736,95.3125
6737,109.8515625
6738,95.359375
6739,108.5078125
6741,106.1875
6743,92.671875
6745,94.8203125
6747,110.15625
6749,93.2734375
6750,104.84375
6751,121.34375
6752,94.5390625
6753,111.1328125
6755,117.015625
6756,94.890625
6757,102.90625
6759,111.671875
6761,93.2890625
6763,99.640625
6764,117.859375
6765,90.4375
6766,110.328125
6768,112.8671875
6771,90.875
6773,97.8125
6774,93.78125
6778,105.40625
6779,98.375
6781,88.828125
6784,93.859375
6786,92.59375
6787,110.0390625
6790,89.828125
6793,105.609375
6795,111.1328125
6798,112.171875
6806,106.375
6807,94.96875
6810,95.125
6815,109.96875
6816,92.640625
6817,108.578125
6818,93.2265625
6819,107.0390625
6820,94.484375
6822,94.59375
6823,116.953125
6824,110.0078125
6825,91.796875
6828,76.5703125
6829,115.3671875
6831,108.328125
6832,92.5390625
6833,109.1484375
6834,99.640625
6836,96.375
6837,113.8515625
6838,91.2734375
6840,108.140625
6843,94.203125
6845,93.59375
6846,92.40625
6847,109.1484375
6851,110.578125
6852,95.015625
6853,108.78125
6858,97.578125
6861,111.421875
6863,113.890625
6864,77.6953125
6865,93.28125
6866,113.8515625
6867,95.515625
6868,106.125
6869,4.46152006486e+11
6870,110.0078125
6874,109.96875
6875,95.484375
6877,112.8671875
6878,91.6015625
6880,94.2578125
6883,105.4765625
6884,93.375
6886,96.3671875
6890,94.6640625
6893,109.1875
6894,92.0625
6899,112.8671875
6900,91.625
6904,93.953125
6905,109.640625
6906,88.9609375
6910,90.09375
6912,107.3046875
6913,113.421875
6920,93.828125
6922,94.390625
6923,111.1328125
6926,94.578125
6927,108.875
6928,90.28125
6931,114.625
6933,94.8125
6936,84.7265625
6937,113.8515625
6939,113.7734375
6941,92.671875
6942,111.96875
6943,90.703125
6944,105.640625
6945,95.421875
6946,108.9296875
6947,116.953125
6949,103.9921875
6951,103.7265625
6953,111.46875
6954,95.484375
6955,107.3828125
6963,108.625
6964,93.6875
6966,96.1484375
6968,92.53125
6970,105.9921875
6972,111.515625
6976,111.09375
6978,113.8515625
6981,99.828125
6985,103.515625
6986,95.2578125
6987,110.4609375
6989,111.0703125
6991,116.953125
6993,116.7109375
6994,97.265625
6995,112.8671875
6996,96.875
6997,111.0546875
6998,78.4296875
7001,108.625
7003,110.015625
7006,94.6875
7008,104.359375
7010,93.59375
7011,94.2578125
7012,114.0234375
7013,96.34375
7014,111.25
7017,108.3125
7018,94.8203125
7019,92.59375
7023,96.0625
7024,107.1171875
7025,92.5234375
7026,112.140625
7027,90.8828125
7028,117.7578125
7030,111.1328125
7031,90.65625
7033,112.390625
7036,94.078125
7037,96.140625
7039,94.078125
7044,93.1640625
7045,113.8515625
7046,100.6640625
7049,102.59375
7050,102.046875
7051,105.9921875
7054,110.921875
7055,94.0078125
7057,92.75
7060,112.8671875
7061,97.0390625
7063,88.828125
7064,108.90625
7067,94.2578125
7071,93.265625
7074,101.75
7075,94.4140625
7078,113.8515625
7079,90.875
7080,110.828125
7081,94.921875
7082,112.3828125
7083,91.6640625
7085,112.875
7092,106.1328125
7094,95.1875
7100,92.9375
7101,110.609375
7102,113.8515625
7104,109.578125
7105,97.0390625
7106,92.7734375
7107,104.890625
7108,79.0390625
7109,94.1796875
7110,113.8515625
7112,93.171875
7113,105.7890625
7114,93.15625
7116,112.3828125
7117,97.0390625
7118,104.953125
7120,94.65625
7121,104.7890625
7123,105.765625
7124,96.234375
7127,114.25
7131,105.96875
7132,93.2265625
7133,93.59375
7134,112.265625
7135,89.53125
7136,110.7109375
7137,92.34375
7141,95.21875
7144,107.0390625
7147,110.453125
7148,92.0234375
7150,90.234375
7151,94.65625
7152,106.078125
7154,4.05389598714e+12
7156,94.5
7157,106.71875
7159,116.953125
7161,96.4375
7163,94.4765625
7164,106.625
7167,78.6953125
7169,106.25
7170,95.453125
7173,96.4609375
7174,108.96875
7177,111.453125
7178,1.00504889808e+12
7179,95.9453125
7180,81.875
7181,109.7890625
7182,93.6875
7184,94.8203125
7185,111.0546875
7186,86.0
7187,115.9921875
7188,94.3515625
7189,113.015625
7191,101.75
7193,108.625
7197,96.640625
7199,93.8671875
7200,112.3828125
7201,89.53125
7204,92.09375
7207,103.9609375
7209,113.890625
7210,94.890625
7211,106.8828125
7213,95.6875
7214,111.0546875
7216,110.1640625
7217,95.53125
7220,112.8671875
7224,111.1328125
7225,96.21875
7226,110.1640625
7227,93.2734375
7234,111.0546875
7236,-1.61118544332e+13
7239,106.7109375
7240,92.515625
7242,117.15625
7244,110.203125
7245,92.03125
7247,111.171875
7248,89.359375
7249,116.953125
7250,108.9453125
7251,93.453125
7252,113.4921875
7253,77.6953125
7256,93.96875
7260,99.640625
7261,114.5859375
7264,98.6796875
7269,117.484375
7270,93.9375
7273,112.8671875
7279,89.15625
7281,109.7890625
7284,93.953125
7285,111.625
7286,116.953125
7287,90.1875
7289,94.8203125
7292,95.0078125
7293,113.8515625
7296,90.8203125
7297,108.71875
7298,93.09375
7299,112.921875
7301,104.921875
7304,111.75
7306,119.6875
7308,94.8203125
7309,105.828125
7312,94.5234375
7313,77.6953125
7314,95.265625
7316,90.890625
7319,117.015625
7321,94.9921875
7323,95.53125
7324,106.109375
7325,94.8984375
7328,102.3125
7330,78.6953125
7334,95.6015625
7337,111.0546875
7338,96.703125
7339,90.9296875
7341,89.65625
7342,110.1640625
7344,112.1875
7345,112.4609375
7347,108.625
7349,109.7890625
7350,97.0546875
7353,109.890625
7355,111.796875
7356,93.4140625
7357,112.71875
7358,94.625
7360,93.984375
7363,105.25
7364,95.703125
7366,93.9609375
7368,94.6875
7369,109.015625
7370,93.796875
7373,96.484375
7374,110.921875
7375,94.40625
7377,94.984375
7379,89.734375
7380,117.859375
7382,110.5625
7383,96.515625
7385,95.40625
7386,102.890625
7391,97.7265625
7394,104.84375
7396,108.9453125
7397,91.8671875
7399,94.984375
7400,103.6953125
7403,77.6953125
7405,112.0859375
7408,110.125
7414,113.890625
7416,102.640625
7417,95.3828125
7419,93.734375
7420,102.8515625
7421,95.28125
7422,95.703125
7423,103.734375
7425,79.6953125
7430,96.4375
7432,94.578125
7433,96.125
7434,109.21875
7436,108.875
7437,92.3359375
7438,105.6875
7440,104.484375
7441,93.921875
7442,110.9765625
7445,111.1875
7446,102.3125
7448,110.3125
7450,100.40625
7451,94.8203125
7454,115.359375
7455,90.59375
7457,109.828125
7459,102.3125
7462,91.59375
7464,94.8203125
7465,109.265625
7466,92.75
7467,106.2890625
7469,111.609375
7472,97.265625
7473,111.1328125
7479,95.6015625
7480,103.9921875
7484,109.109375
7491,94.671875
7494,102.890625
7495,94.40625
7501,90.890625
7503,93.5
7504,105.7890625
7505,93.375
7508,111.171875
7509,93.515625
7510,77.6953125
7511,117.484375
7515,95.2734375
7516,108.8046875
7517,94.359375
7518,107.3515625
7519,94.671875
7521,96.703125
7522,101.75
7524,104.375
7526,105.5703125
7527,95.375
7528,105.5625
7529,96.03125
7534,112.2890625
7537,113.4375
7538,93.5390625
7540,92.765625
7541,112.984375
7545,110.0078125
7551,113.421875
7553,95.2734375
7554,104.875
7555,93.421875
7561,110.359375
7562,94.0078125
7564,92.65625
7565,104.5625
7566,94.65625
7567,111.7578125
7569,104.84375
7570,97.15625
7571,114.6484375
7572,86.9296875
7574,102.65625
7578,110.859375
7579,94.5546875
7586,93.4765625
7587,98.21875
7590,94.671875
7593,111.1328125
7594,91.984375
7595,94.65625
7600,93.46875
7601,81.2578125
7602,95.484375
7603,108.1171875
7604,93.140625
7606,94.515625
7608,113.421875
7613,77.6953125
7615,109.65625
7616,110.921875
7617,117.671875
7618,95.375
7619,105.9921875
7622,-5.56156168922e+12
7623,105.578125
7624,94.5
7625,108.1484375
7626,95.2734375
7627,104.484375
7628,75.4140625
7631,102.1484375
7632,105.7890625
7633,95.7890625
7634,116.875
7635,95.40625
7636,111.0546875
7637,111.0546875
7639,93.9375
7640,78.6953125
7644,112.3828125
7645,95.484375
7648,108.4375
7649,91.546875
7650,110.0078125
7652,109.265625
7653,92.6171875
7655,91.796875
7659,109.6875
7662,101.6171875
7664,92.671875
7666,94.59375
7668,96.265625
7669,109.265625
7670,97.1328125
7672,91.765625
7673,109.1875
7678,92.0625
7679,73.5703125
7680,106.59375
7683,94.203125
7685,116.953125
7688,94.8203125
7690,110.921875
7692,94.671875
7693,94.15625
7695,111.0546875
7696,94.40625
7698,94.984375
7699,108.6953125
7702,91.8671875
7703,110.1640625
7704,92.109375
7707,117.484375
7713,79.1328125
7715,105.0625
7717,110.5
7718,96.171875
7719,107.234375
7721,117.2421875
7722,95.515625
7725,100.5859375
7727,100.90625
7730,70.875
7733,90.8125
7735,104.875
7740,110.1640625
7741,110.53125
7742,92.0625
7744,112.53125
7747,95.1875
7750,79.6953125
7752,111.03125
7754,111.1875
7756,110.390625
7757,95.53125
7758,105.3359375
7760,106.59375
7761,94.984375
7763,119.21875
7765,95.6015625
7767,111.0546875
7768,95.640625
7771,96.4609375
7773,92.6875
7774,114.0546875
7776,104.203125
7779,94.203125
7783,89.90625
7786,109.15625
7787,95.359375
7789,92.359375
7791,96.03125
7793,93.765625
7794,111.265625
7795,91.234375
7799,77.6953125
7800,5.24477435541e+12
7802,1.41836374941e+12
7805,118.6875
7807,106.1875
7808,96.703125
7811,103.9921875
7817,110.921875
7818,105.7890625
7819,94.8203125
7822,93.140625
7823,112.3671875
7825,108.8046875
7828,92.9296875
7832,99.640625
7833,79.0390625
7834,112.1796875
7835,96.6328125
7837,95.578125
7840,90.71875
7842,95.0234375
7843,110.59375
7844,94.96875
7846,94.984375
7850,101.4375
7853,113.8515625
7855,113.421875
7858,94.5
7863,109.4375
7865,113.8515625
7866,87.171875
7868,95.09375
7869,109.90625
7871,78.6953125
7872,103.390625
7874,105.9375
7877,110.2421875
7878,95.484375
7879,108.359375
7881,93.3359375
7883,98.25
7885,103.71875
7886,95.2734375
7889,96.234375
7890,111.9296875
7891,93.25
7893,95.21875
7894,99.5234375
7896,110.0078125
7898,104.921875
7901,94.734375
7902,108.625
7904,108.9375
7905,95.3125
7906,115.4140625
7909,94.8203125
7910,105.265625
7913,93.5625
7918,111.8046875
7919,89.53125
7923,87.7734375
7925,94.984375
7927,92.65625
7930,96.1796875
7932,93.34375
7933,92.6328125
7935,94.5
7939,112.765625
7942,90.390625
7943,109.5390625
7945,103.234375
7946,94.6875
7948,94.546875
7949,111.1328125
7950,91.0625
7951,111.0546875
7955,102.453125
7959,95.703125
7960,110.1640625
7961,94.2265625
7962,101.5625
7964,104.71875
7965,94.921875
7966,112.3828125
7967,105.0
7968,93.8203125
7971,103.390625
7974,89.53125
7976,108.8828125
7978,111.234375
7982,110.1640625
7983,94.8203125
7984,107.0390625
7986,94.40625
7989,111.1328125
7991,108.625
7992,113.15625
7993,88.734375
7994,113.8515625
7995,99.640625
7997,93.4453125
7998,107.0390625
7999,110.921875
8002,93.7578125
8007,96.0
8009,92.2734375
8011,95.078125
8013,94.578125
8015,104.6640625
8017,113.1875
8019,116.953125
8023,92.84375
8024,110.1640625
8026,111.046875
8027,94.03125
8029,94.4765625
8030,113.9140625
8031,93.296875
8033,6.55002556839e+12
8035,94.4140625
8036,101.890625
8039,103.265625
8042,93.59375
8044,91.5703125
8046,75.1484375
8048,113.109375
8049,95.3125
8050,105.8828125
8053,90.3828125
8054,95.484375
8059,93.265625
8061,95.203125
8062,111.3515625
8064,112.8671875
8066,108.140625
8067,97.265625
8068,96.84375
8070,96.7421875
8071,112.3828125
8072,94.4921875
8076,93.015625
8080,92.09375
8081,112.8515625
8084,96.5625
8087,111.4375
8089,90.0625
8090,117.859375
8091,103.9921875
8094,113.8359375
8100,91.015625
8101,95.40625
8110,95.546875
8111,108.625
8112,93.5625
8115,110.65625
8116,93.7265625
8118,112.8671875
8121,119.015625
8125,110.140625
8127,111.515625
8128,95.671875
8129,108.625
8131,-1.74848104689e+11
8138,95.375
8139,107.046875
8140,93.265625
8141,92.6875
8142,112.5234375
8143,108.8125
8145,111.046875
8146,93.640625
8148,113.890625
8153,110.78125
8154,89.5234375
8155,115.65625
8161,94.890625
8162,111.9921875
8163,93.515625
8166,109.171875
8168,112.75
8170,93.2109375
8172,108.625
8173,89.53125
8176,108.2109375
8179,91.296875
8181,94.65625
8182,115.609375
8184,112.2734375
8190,106.59375
8191,93.796875
8194,111.265625
8196,113.8359375
8198,110.703125
8199,113.8515625
8201,111.5703125
8202,93.9375
8207,94.921875
8208,108.625
8211,109.75
8214,107.453125
8217,91.296875
8218,110.453125
8222,93.921875
8229,108.3671875
8231,96.796875
8233,96.234375
8236,94.203125
8238,111.0546875
8240,104.8125
8243,100.5625
8246,109.25
8250,93.6953125
8254,95.515625
8256,78.6953125
8257,113.4296875
8258,88.6484375
8260,94.8203125
8261,112.4765625
8263,117.15625
8264,91.796875
8267,108.25
8268,90.1875
8271,92.296875
8272,108.625
8275,93.59375
8276,95.8125
8277,107.3125
8278,116.953125
8279,93.734375
8280,110.125
8281,95.2734375
8282,112.0234375
8287,112.3671875
8288,89.53125
8289,110.6484375
8294,92.703125
8296,92.6875
8299,111.8203125
8302,107.0390625
8308,113.03125
8314,102.28125
8315,95.40625
8316,111.296875
8317,95.5
8319,112.96875
8320,92.671875
8321,119.015625
8323,93.5
8325,95.828125
8326,109.28125
8328,108.625
8330,5.24477435541e+12
8331,95.484375
8332,112.7265625
8334,95.28125
8338,93.515625
8339,96.2578125
8341,91.3125
8345,112.3828125
8346,94.65625
8347,101.5625
8349,96.0625
8351,94.890625
8352,111.90625
8353,108.625
8355,111.234375
8358,110.921875
8359,5.24477435541e+12
8360,93.8125
8361,115.40625
8363,101.8125
8364,95.9453125
8365,96.1640625
8366,105.7890625
8370,106.3515625
8372,95.21875
8376,95.53125
8377,2.27431838672e+13
8379,109.875
8380,90.7109375
8381,108.21875
8386,89.59375
8388,104.84375
8389,98.0
8391,109.9921875
8394,95.515625
8396,101.921875
8398,104.671875
8400,112.0234375
8401,91.890625
8404,91.3125
8407,95.703125
8408,110.0078125
8409,106.5625
8410,104.203125
8411,98.15625
8413,91.453125
8414,112.1796875
8416,93.140625
